<mxGraphModel dx="800" dy="800" grid="1" guides="1" tooltips="1" connect="1" fold="1" page="1" pageScale="1" pageWidth="826" pageHeight="1169" style="default-style2"><root><mxCell id="0"/><mxCell id="1" parent="0"/><mxCell id="2" value="&lt;table style=&quot;font-size: 1em; color=#666666;width: 100%; height: 100%;&quot; border=&quot;0&quot; cellspacing=&quot;0&quot; cellpadding=&quot;0&quot;&gt;&lt;tbody&gt;&lt;tr&gt;&lt;td width=&quot;60&quot;&gt;&amp;nbsp;&lt;/td&gt;&lt;td align=&quot;left&quot; height=&quot;50&quot;&gt;Limbo&lt;/td&gt;&lt;/tr&gt;&lt;tr&gt;&lt;td width=&quot;60&quot;&gt;&amp;nbsp;&lt;/td&gt;&lt;td width=&quot;80&quot;&gt;&amp;nbsp;&lt;/td&gt;&lt;td align=&quot;left&quot; height=&quot;50&quot;&gt;http://host/limbo.php&lt;/td&gt;&lt;/tr&gt;&lt;tr&gt;&lt;td height=&quot;100%&quot;&gt;&amp;nbsp;&lt;/td&gt;&lt;/tr&gt;&lt;/tbody&gt;&lt;/table&gt;" style="strokeWidth=1;shape=mxgraph.mockup.containers.browserWindow;strokeColor=#666666;strokeColor2=#008cff;strokeColor3=#c4c4c4;textColor=#666666;fillColor=#ffffff;mainText=,;html=1;fontSize=17;fontColor=#666666;overflow=fill;" vertex="1" parent="1"><mxGeometry x="140" y="135" width="550" height="425" as="geometry"/></mxCell><mxCell id="4" value="Welcome to Limbo !" style="strokeWidth=1;shape=mxgraph.mockup.text.textBox;fontColor=#666666;align=left;fontSize=36;spacingLeft=4;spacingTop=-3;strokeColor=#FFFFFF;mainText=" vertex="1" parent="1"><mxGeometry x="163" y="286" width="240" height="30" as="geometry"/></mxCell><mxCell id="6" value="&lt;p&gt;Lost something&lt;/p&gt;" style="shape=rectangle;strokeColor=none;fillColor=none;linkText=;fontSize=14;fontColor=#0000ff;fontStyle=4;html=1;align=left" vertex="1" parent="1"><mxGeometry x="163" y="250" width="150" height="30" as="geometry"/></mxCell><mxCell id="7" value="&lt;p&gt;Found something&lt;/p&gt;" style="shape=rectangle;strokeColor=none;fillColor=none;linkText=;fontSize=14;fontColor=#0000ff;fontStyle=4;html=1;align=left" vertex="1" parent="1"><mxGeometry x="277" y="250" width="124" height="30" as="geometry"/></mxCell><mxCell id="20" value="If you lost or found something, you're in luck: this is the place to report it." style="strokeWidth=1;shape=mxgraph.mockup.text.textBox;fontColor=#666666;align=left;fontSize=12;spacingLeft=4;spacingTop=-3;strokeColor=#FFFFFF;mainText=" vertex="1" parent="1"><mxGeometry x="163" y="316" width="409" height="30" as="geometry"/></mxCell><mxCell id="8" value="&lt;p&gt;Admins&lt;/p&gt;" style="shape=rectangle;strokeColor=none;fillColor=none;linkText=;fontSize=14;fontColor=#0000ff;fontStyle=4;html=1;align=left" vertex="1" parent="1"><mxGeometry x="405" y="250" width="60" height="30" as="geometry"/></mxCell><mxCell id="12" value="&lt;table style=&quot;font-size: 1em; width: 100%; height: 100%;&quot; border=&quot;1&quot; cellspacing=&quot;0&quot; cellpadding=&quot;4&quot;&gt;&lt;tbody&gt;&lt;tr&gt;&lt;th&gt;Date/time&lt;/th&gt;&lt;th&gt;Status&lt;/th&gt;&lt;th align=&quot;left&quot;&gt;Stuff&lt;/th&gt;&lt;/tr&gt;&lt;tr&gt;&lt;td&gt;17 Oct 2013&lt;/td&gt;&lt;td&gt;Lost&lt;/td&gt;&lt;td&gt;&lt;span style=&quot;text-decoration: underline; color: blue;&quot;&gt;Cell phone&lt;/span&gt;&lt;/td&gt;&lt;/tr&gt;&lt;tr&gt;&lt;td&gt;16 Oct 2013&lt;/td&gt;&lt;td&gt;Found&lt;/td&gt;&lt;td&gt;&lt;span style=&quot;text-decoration: underline; color: blue;&quot;&gt;Backpack&lt;/span&gt;&lt;/td&gt;&lt;/tr&gt;&lt;tr&gt;&lt;td&gt;15 Oct 2013&lt;/td&gt;&lt;td&gt;Found&lt;/td&gt;&lt;td&gt;&lt;span style=&quot;text-decoration: underline; color: blue;&quot;&gt;Ray ban sunglasses&lt;/span&gt;&lt;/td&gt;&lt;/tr&gt;&lt;tr&gt;&lt;td&gt;14 Oct 2013&lt;/td&gt;&lt;td&gt;Lost&lt;/td&gt;&lt;td&gt;&lt;span style=&quot;text-decoration: underline; color: blue;&quot;&gt;Wallet with $200&lt;/span&gt;&lt;/td&gt;&lt;/tr&gt;&lt;/tbody&gt;&lt;/table&gt;" style="verticalAlign=top;align=left;overflow=fill;fontSize=12;fontFamily=Helvetica;html=1" vertex="1" parent="1"><mxGeometry x="166" y="387" width="254" height="140" as="geometry"/></mxCell><mxCell id="16" value="Reported in last" style="strokeWidth=1;shape=mxgraph.mockup.text.textBox;fontColor=#666666;align=left;fontSize=17;spacingLeft=4;spacingTop=-3;strokeColor=#FFFFFF;mainText=" vertex="1" parent="1"><mxGeometry x="166" y="353" width="134" height="30" as="geometry"/></mxCell><mxCell id="17" value="7 days" style="strokeWidth=1;shape=mxgraph.mockup.forms.comboBox;strokeColor=#999999;fillColor=#ddeeff;align=left;fillColor2=#aaddff;mainText=;fontColor=#666666;fontSize=14;spacingLeft=3;" vertex="1" parent="1"><mxGeometry x="294" y="356" width="110" height="22" as="geometry"/></mxCell></root></mxGraphModel>